{
  "집전체": {
    "mean_w": 520.7019016159271,
    "std_w": 196.7729211705239,
    "mean_h": 618.482546201232,
    "std_h": 211.9336067245983
  },
  "지붕": {
    "mean_w": 496.7105100327057,
    "std_w": 196.31650639095125,
    "mean_h": 269.69256607442765,
    "std_h": 106.31359822348294
  },
  "문": {
    "mean_w": 122.62086469455627,
    "std_w": 56.95724332747461,
    "mean_h": 182.4193068440399,
    "std_h": 80.352526112945
  },
  "나무전체": {
    "mean_w": 708.2314971877511,
    "std_w": 223.21700342003365,
    "mean_h": 1032.2835461119544,
    "std_h": 197.91095100561833
  },
  "수관": {
    "mean_w": 614.1180077271964,
    "std_w": 245.65289393150073,
    "mean_h": 438.10986057450026,
    "std_h": 156.3569384907772
  },





  
  "사람전체": {
    "mean_w": 520.7019016159271,
    "std_w": 196.7729211705239,
    "mean_h": 618.482546201232,
    "std_h": 211.9336067245983
  },
  "머리": {
    "mean_w": 520.7019016159271,
    "std_w": 196.7729211705239,
    "mean_h": 618.482546201232,
    "std_h": 211.9336067245983
  },
  "눈": {
    "mean_w": 520.7019016159271,
    "std_w": 196.7729211705239,
    "mean_h": 618.482546201232,
    "std_h": 211.9336067245983
  },
  "코": {
    "mean_w": 520.7019016159271,
    "std_w": 196.7729211705239,
    "mean_h": 618.482546201232,
    "std_h": 211.9336067245983
  },
  "입": {
    "mean_w": 520.7019016159271,
    "std_w": 196.7729211705239,
    "mean_h": 618.482546201232,
    "std_h": 211.9336067245983
  },
  "주머니": {
    "mean_w": 520.7019016159271,
    "std_w": 196.7729211705239,
    "mean_h": 618.482546201232,
    "std_h": 211.9336067245983
  }
}
